datetime,equity,exposure
2026-05-25 09:15:00+05:30,1000000.0,0
2026-05-25 09:30:00+05:30,1000000.0,0
2026-05-25 09:45:00+05:30,1000000.0,0
2026-05-25 10:00:00+05:30,1000000.0,0
2026-05-25 10:15:00+05:30,1000000.0,0
2026-05-25 10:30:00+05:30,1000000.0,0
2026-05-25 10:45:00+05:30,1000000.0,0
2026-05-25 11:00:00+05:30,1000000.0,0
2026-05-25 11:15:00+05:30,1000000.0,0
2026-05-25 11:30:00+05:30,1000000.0,0
2026-05-25 11:45:00+05:30,1000000.0,0
2026-05-25 12:00:00+05:30,1000000.0,0
2026-05-25 12:15:00+05:30,1000000.0,0
2026-05-25 12:30:00+05:30,1000000.0,0
2026-05-25 12:45:00+05:30,1000000.0,0
2026-05-25 13:00:00+05:30,1000000.0,0
2026-05-25 13:15:00+05:30,1000000.0,0
2026-05-25 13:30:00+05:30,1000000.0,0
2026-05-25 13:45:00+05:30,1000000.0,0
2026-05-25 14:00:00+05:30,1000000.0,0
2026-05-25 14:15:00+05:30,1000000.0,0
2026-05-25 14:30:00+05:30,1000000.0,0
2026-05-25 14:45:00+05:30,1000000.0,0
2026-05-25 15:00:00+05:30,1000000.0,0
2026-05-25 15:15:00+05:30,1000000.0,0
2026-05-26 09:15:00+05:30,1000000.0,0
2026-05-26 09:30:00+05:30,1000000.0,0
2026-05-26 09:45:00+05:30,1000000.0,0
2026-05-26 10:00:00+05:30,1000000.0,0
2026-05-26 10:15:00+05:30,1000000.0,0
2026-05-26 10:30:00+05:30,1000000.0,0
2026-05-26 10:45:00+05:30,1000000.0,0
2026-05-26 11:00:00+05:30,1000000.0,0
2026-05-26 11:15:00+05:30,1000000.0,0
2026-05-26 11:30:00+05:30,1000000.0,0
2026-05-26 11:45:00+05:30,1000000.0,0
2026-05-26 12:00:00+05:30,1000000.0,0
2026-05-26 12:15:00+05:30,1000000.0,0
2026-05-26 12:30:00+05:30,1000000.0,0
2026-05-26 12:45:00+05:30,1000000.0,0
2026-05-26 13:00:00+05:30,1000000.0,0
2026-05-26 13:15:00+05:30,1000000.0,0
2026-05-26 13:30:00+05:30,1000000.0,0
2026-05-26 13:45:00+05:30,1000000.0,0
2026-05-26 14:00:00+05:30,1000000.0,0
2026-05-26 14:15:00+05:30,1000000.0,0
2026-05-26 14:30:00+05:30,1000000.0,0
2026-05-26 14:45:00+05:30,1000000.0,0
2026-05-26 15:00:00+05:30,1000000.0,0
2026-05-26 15:15:00+05:30,1000000.0,0
2026-05-27 09:15:00+05:30,1000000.0,0
2026-05-27 09:30:00+05:30,1000000.0,0
2026-05-27 09:45:00+05:30,1000000.0,0
2026-05-27 10:00:00+05:30,1000000.0,0
2026-05-27 10:15:00+05:30,1000000.0,0
2026-05-27 10:30:00+05:30,1000000.0,0
2026-05-27 10:45:00+05:30,1000000.0,0
2026-05-27 11:00:00+05:30,1000000.0,0
2026-05-27 11:15:00+05:30,1000000.0,0
2026-05-27 11:30:00+05:30,1000000.0,0
2026-05-27 11:45:00+05:30,1000000.0,0
2026-05-27 12:00:00+05:30,1000000.0,0
2026-05-27 12:15:00+05:30,1000000.0,0
2026-05-27 12:30:00+05:30,1000000.0,0
2026-05-27 12:45:00+05:30,1000000.0,0
2026-05-27 13:00:00+05:30,1000000.0,0
2026-05-27 13:15:00+05:30,1000000.0,0
2026-05-27 13:30:00+05:30,1000000.0,0
2026-05-27 13:45:00+05:30,1000000.0,0
2026-05-27 14:00:00+05:30,1000000.0,0
2026-05-27 14:15:00+05:30,1000000.0,0
2026-05-27 14:30:00+05:30,1000000.0,0
2026-05-27 14:45:00+05:30,1000000.0,0
2026-05-27 15:00:00+05:30,1000000.0,0
2026-05-27 15:15:00+05:30,1000000.0,0
2026-05-29 09:15:00+05:30,1000000.0,0
2026-05-29 09:30:00+05:30,1000000.0,0
2026-05-29 09:45:00+05:30,1000000.0,0
2026-05-29 10:00:00+05:30,1000000.0,0
2026-05-29 10:15:00+05:30,1000000.0,0
2026-05-29 10:30:00+05:30,1000000.0,0
2026-05-29 10:45:00+05:30,1000000.0,0
2026-05-29 11:00:00+05:30,1000000.0,0
2026-05-29 11:15:00+05:30,1000000.0,0
2026-05-29 11:30:00+05:30,1000000.0,0
2026-05-29 11:45:00+05:30,1000000.0,0
2026-05-29 12:00:00+05:30,1000000.0,0
2026-05-29 12:15:00+05:30,995491.4601058604,-1
2026-05-29 12:30:00+05:30,996376.5186996104,-1
2026-05-29 12:45:00+05:30,998228.9601058604,-1
2026-05-29 13:00:00+05:30,1008474.0772933604,-1
2026-05-29 13:15:00+05:30,1007521.6358871104,-1
2026-05-29 13:30:00+05:30,1007851.5186996104,-1
2026-05-29 13:45:00+05:30,1010214.0186996104,-1
2026-05-29 14:00:00+05:30,1012194.1944808604,-1
2026-05-29 14:15:00+05:30,1009846.6358871104,-1
2026-05-29 14:30:00+05:30,1005946.6358871104,-1
2026-05-29 14:45:00+05:30,1007859.1358871104,-1
2026-05-29 15:00:00+05:30,1044556.6944808604,-1
2026-05-29 15:15:00+05:30,1031587.250833761,0
2026-06-01 09:15:00+05:30,1031587.250833761,0
2026-06-01 09:30:00+05:30,1031587.250833761,0
2026-06-01 09:45:00+05:30,1031587.250833761,0
2026-06-01 10:00:00+05:30,1031587.250833761,0
2026-06-01 10:15:00+05:30,1031587.250833761,0
2026-06-01 10:30:00+05:30,1031587.250833761,0
2026-06-01 10:45:00+05:30,1031587.250833761,0
2026-06-01 11:00:00+05:30,1031587.250833761,0
2026-06-01 11:15:00+05:30,1031587.250833761,0
2026-06-01 11:30:00+05:30,1031587.250833761,0
2026-06-01 11:45:00+05:30,1031587.250833761,0
2026-06-01 12:00:00+05:30,1031587.250833761,0
2026-06-01 12:15:00+05:30,1031587.250833761,0
2026-06-01 12:30:00+05:30,1031587.250833761,0
2026-06-01 12:45:00+05:30,1031587.250833761,0
2026-06-01 13:00:00+05:30,1031587.250833761,0
2026-06-01 13:15:00+05:30,1029055.6271814512,-1
2026-06-01 13:30:00+05:30,1029096.9357752012,-1
2026-06-01 13:45:00+05:30,1031095.5685877012,-1
2026-06-01 14:00:00+05:30,1034046.9357752012,-1
2026-06-01 14:15:00+05:30,1035693.1271814512,-1
2026-06-01 14:30:00+05:30,1034095.5685877012,-1
2026-06-01 14:45:00+05:30,1037290.6857752012,-1
2026-06-01 15:00:00+05:30,1036124.3771814512,-1
2026-06-01 15:15:00+05:30,1036430.9506194809,0
2026-06-02 09:15:00+05:30,1036430.9506194809,0
2026-06-02 09:30:00+05:30,1036430.9506194809,0
2026-06-02 09:45:00+05:30,1036430.9506194809,0
2026-06-02 10:00:00+05:30,1036430.9506194809,0
2026-06-02 10:15:00+05:30,1036430.9506194809,0
2026-06-02 10:30:00+05:30,1036430.9506194809,0
2026-06-02 10:45:00+05:30,1036430.9506194809,0
2026-06-02 11:00:00+05:30,1036430.9506194809,0
2026-06-02 11:15:00+05:30,1036430.9506194809,0
2026-06-02 11:30:00+05:30,1036430.9506194809,0
2026-06-02 11:45:00+05:30,1036430.9506194809,0
2026-06-02 12:00:00+05:30,1036430.9506194809,0
2026-06-02 12:15:00+05:30,1036430.9506194809,0
2026-06-02 12:30:00+05:30,1036430.9506194809,0
2026-06-02 12:45:00+05:30,1036430.9506194809,0
2026-06-02 13:00:00+05:30,1036430.9506194809,0
2026-06-02 13:15:00+05:30,1036430.9506194809,0
2026-06-02 13:30:00+05:30,1036430.9506194809,0
2026-06-02 13:45:00+05:30,1036430.9506194809,0
2026-06-02 14:00:00+05:30,1036430.9506194809,0
2026-06-02 14:15:00+05:30,1036430.9506194809,0
2026-06-02 14:30:00+05:30,1036430.9506194809,0
2026-06-02 14:45:00+05:30,1036430.9506194809,0
2026-06-02 15:00:00+05:30,1036430.9506194809,0
2026-06-02 15:15:00+05:30,1036430.9506194809,0
2026-06-03 09:15:00+05:30,1036430.9506194809,0
2026-06-03 09:30:00+05:30,1036430.9506194809,0
2026-06-03 09:45:00+05:30,1036430.9506194809,0
2026-06-03 10:00:00+05:30,1036430.9506194809,0
2026-06-03 10:15:00+05:30,1036430.9506194809,0
2026-06-03 10:30:00+05:30,1036430.9506194809,0
2026-06-03 10:45:00+05:30,1036430.9506194809,0
2026-06-03 11:00:00+05:30,1036430.9506194809,0
2026-06-03 11:15:00+05:30,1034754.9903681291,-1
2026-06-03 11:30:00+05:30,1034878.7696650041,-1
2026-06-03 11:45:00+05:30,1036524.9610712541,-1
2026-06-03 12:00:00+05:30,1037391.2696650041,-1
2026-06-03 12:15:00+05:30,1033285.0196650041,-1
2026-06-03 12:30:00+05:30,1028788.1672509616,0
2026-06-03 12:45:00+05:30,1028788.1672509616,0
2026-06-03 13:00:00+05:30,1028788.1672509616,0
2026-06-03 13:15:00+05:30,1028788.1672509616,0
2026-06-03 13:30:00+05:30,1028788.1672509616,0
2026-06-03 13:45:00+05:30,1028788.1672509616,0
2026-06-03 14:00:00+05:30,1028788.1672509616,0
2026-06-03 14:15:00+05:30,1028788.1672509616,0
2026-06-03 14:30:00+05:30,1028788.1672509616,0
2026-06-03 14:45:00+05:30,1028788.1672509616,0
2026-06-03 15:00:00+05:30,1028788.1672509616,0
2026-06-03 15:15:00+05:30,1028788.1672509616,0
2026-06-04 09:15:00+05:30,1028788.1672509616,0
2026-06-04 09:30:00+05:30,1028788.1672509616,0
2026-06-04 09:45:00+05:30,1028788.1672509616,0
2026-06-04 10:00:00+05:30,1028788.1672509616,0
2026-06-04 10:15:00+05:30,1028788.1672509616,0
2026-06-04 10:30:00+05:30,1028788.1672509616,0
2026-06-04 10:45:00+05:30,1028788.1672509616,0
2026-06-04 11:00:00+05:30,1028788.1672509616,0
2026-06-04 11:15:00+05:30,1028788.1672509616,0
2026-06-04 11:30:00+05:30,1028788.1672509616,0
2026-06-04 11:45:00+05:30,1028788.1672509616,0
2026-06-04 12:00:00+05:30,1028788.1672509616,0
2026-06-04 12:15:00+05:30,1028788.1672509616,0
2026-06-04 12:30:00+05:30,1028788.1672509616,0
2026-06-04 12:45:00+05:30,1028788.1672509616,0
2026-06-04 13:00:00+05:30,1028788.1672509616,0
2026-06-04 13:15:00+05:30,1028788.1672509616,0
2026-06-04 13:30:00+05:30,1028788.1672509616,0
2026-06-04 13:45:00+05:30,1028788.1672509616,0
2026-06-04 14:00:00+05:30,1028788.1672509616,0
2026-06-04 14:15:00+05:30,1028788.1672509616,0
2026-06-04 14:30:00+05:30,1028788.1672509616,0
2026-06-04 14:45:00+05:30,1028788.1672509616,0
2026-06-04 15:00:00+05:30,1028788.1672509616,0
2026-06-04 15:15:00+05:30,1028788.1672509616,0
2026-06-05 09:15:00+05:30,1028788.1672509616,0
2026-06-05 09:30:00+05:30,1028788.1672509616,0
2026-06-05 09:45:00+05:30,1028788.1672509616,0
2026-06-05 10:00:00+05:30,1028788.1672509616,0
2026-06-05 10:15:00+05:30,1028788.1672509616,0
2026-06-05 10:30:00+05:30,1028788.1672509616,0
2026-06-05 10:45:00+05:30,1028788.1672509616,0
2026-06-05 11:00:00+05:30,1028788.1672509616,0
2026-06-05 11:15:00+05:30,1028788.1672509616,0
2026-06-05 11:30:00+05:30,1028788.1672509616,0
2026-06-05 11:45:00+05:30,1028788.1672509616,0
2026-06-05 12:00:00+05:30,1028788.1672509616,0
2026-06-05 12:15:00+05:30,1028788.1672509616,0
2026-06-05 12:30:00+05:30,1028788.1672509616,0
2026-06-05 12:45:00+05:30,1028788.1672509616,0
2026-06-05 13:00:00+05:30,1028788.1672509616,0
2026-06-05 13:15:00+05:30,1028788.1672509616,0
2026-06-05 13:30:00+05:30,1028788.1672509616,0
2026-06-05 13:45:00+05:30,1028788.1672509616,0
2026-06-05 14:00:00+05:30,1028788.1672509616,0
2026-06-05 14:15:00+05:30,1028788.1672509616,0
2026-06-05 14:30:00+05:30,1028788.1672509616,0
2026-06-05 14:45:00+05:30,1028788.1672509616,0
2026-06-05 15:00:00+05:30,1028788.1672509616,0
2026-06-05 15:15:00+05:30,1028788.1672509616,0
2026-06-08 09:15:00+05:30,1028788.1672509616,0
2026-06-08 09:30:00+05:30,1028788.1672509616,0
2026-06-08 09:45:00+05:30,1028788.1672509616,0
2026-06-08 10:00:00+05:30,1028788.1672509616,0
2026-06-08 10:15:00+05:30,1028788.1672509616,0
2026-06-08 10:30:00+05:30,1028788.1672509616,0
2026-06-08 10:45:00+05:30,1028788.1672509616,0
2026-06-08 11:00:00+05:30,1028788.1672509616,0
2026-06-08 11:15:00+05:30,1028788.1672509616,0
2026-06-08 11:30:00+05:30,1028788.1672509616,0
2026-06-08 11:45:00+05:30,1028788.1672509616,0
2026-06-08 12:00:00+05:30,1028788.1672509616,0
2026-06-08 12:15:00+05:30,1028788.1672509616,0
2026-06-08 12:30:00+05:30,1028788.1672509616,0
2026-06-08 12:45:00+05:30,1028788.1672509616,0
2026-06-08 13:00:00+05:30,1028788.1672509616,0
2026-06-08 13:15:00+05:30,1028788.1672509616,0
2026-06-08 13:30:00+05:30,1028788.1672509616,0
2026-06-08 13:45:00+05:30,1028788.1672509616,0
2026-06-08 14:00:00+05:30,1028788.1672509616,0
2026-06-08 14:15:00+05:30,1028788.1672509616,0
2026-06-08 14:30:00+05:30,1028788.1672509616,0
2026-06-08 14:45:00+05:30,1028788.1672509616,0
2026-06-08 15:00:00+05:30,1028788.1672509616,0
2026-06-08 15:15:00+05:30,1028788.1672509616,0
2026-06-09 09:15:00+05:30,1028788.1672509616,0
2026-06-09 09:30:00+05:30,1028788.1672509616,0
2026-06-09 09:45:00+05:30,1028788.1672509616,0
2026-06-09 10:00:00+05:30,1028788.1672509616,0
2026-06-09 10:15:00+05:30,1028788.1672509616,0
2026-06-09 10:30:00+05:30,1028788.1672509616,0
2026-06-09 10:45:00+05:30,1028788.1672509616,0
2026-06-09 11:00:00+05:30,1028788.1672509616,0
2026-06-09 11:15:00+05:30,1028788.1672509616,0
2026-06-09 11:30:00+05:30,1028788.1672509616,0
2026-06-09 11:45:00+05:30,1028788.1672509616,0
2026-06-09 12:00:00+05:30,1028788.1672509616,0
2026-06-09 12:15:00+05:30,1028788.1672509616,0
2026-06-09 12:30:00+05:30,1028788.1672509616,0
2026-06-09 12:45:00+05:30,1028788.1672509616,0
2026-06-09 13:00:00+05:30,1028788.1672509616,0
2026-06-09 13:15:00+05:30,1028788.1672509616,0
2026-06-09 13:30:00+05:30,1028788.1672509616,0
2026-06-09 13:45:00+05:30,1028788.1672509616,0
2026-06-09 14:00:00+05:30,1028788.1672509616,0
2026-06-09 14:15:00+05:30,1028788.1672509616,0
2026-06-09 14:30:00+05:30,1028788.1672509616,0
2026-06-09 14:45:00+05:30,1028788.1672509616,0
2026-06-09 15:00:00+05:30,1028788.1672509616,0
2026-06-09 15:15:00+05:30,1028788.1672509616,0
2026-06-10 09:15:00+05:30,1028788.1672509616,0
2026-06-10 09:30:00+05:30,1028788.1672509616,0
2026-06-10 09:45:00+05:30,1028788.1672509616,0
2026-06-10 10:00:00+05:30,1028788.1672509616,0
2026-06-10 10:15:00+05:30,1028788.1672509616,0
2026-06-10 10:30:00+05:30,1028788.1672509616,0
2026-06-10 10:45:00+05:30,1028788.1672509616,0
2026-06-10 11:00:00+05:30,1028788.1672509616,0
2026-06-10 11:15:00+05:30,1028788.1672509616,0
2026-06-10 11:30:00+05:30,1029281.5968491457,1
2026-06-10 11:45:00+05:30,1028801.7140366457,1
2026-06-10 12:00:00+05:30,1027691.6554428957,1
2026-06-10 12:15:00+05:30,1024669.0968491457,1
2026-06-10 12:30:00+05:30,1020544.0968491457,1
2026-06-10 12:45:00+05:30,1017846.3077826478,0
2026-06-10 13:00:00+05:30,1017846.3077826478,0
2026-06-10 13:15:00+05:30,1017846.3077826478,0
2026-06-10 13:30:00+05:30,1017846.3077826478,0
2026-06-10 13:45:00+05:30,1017846.3077826478,0
2026-06-10 14:00:00+05:30,1017846.3077826478,0
2026-06-10 14:15:00+05:30,1017846.3077826478,0
2026-06-10 14:30:00+05:30,1017846.3077826478,0
2026-06-10 14:45:00+05:30,1017846.3077826478,0
2026-06-10 15:00:00+05:30,1017846.3077826478,0
2026-06-10 15:15:00+05:30,1017846.3077826478,0
2026-06-11 09:15:00+05:30,1017846.3077826478,0
2026-06-11 09:30:00+05:30,1017846.3077826478,0
2026-06-11 09:45:00+05:30,1017846.3077826478,0
2026-06-11 10:00:00+05:30,1017846.3077826478,0
2026-06-11 10:15:00+05:30,1017846.3077826478,0
2026-06-11 10:30:00+05:30,1017846.3077826478,0
2026-06-11 10:45:00+05:30,1017846.3077826478,0
2026-06-11 11:00:00+05:30,1017846.3077826478,0
2026-06-11 11:15:00+05:30,1017846.3077826478,0
2026-06-11 11:30:00+05:30,1017846.3077826478,0
2026-06-11 11:45:00+05:30,1017846.3077826478,0
2026-06-11 12:00:00+05:30,1017846.3077826478,0
2026-06-11 12:15:00+05:30,1017846.3077826478,0
2026-06-11 12:30:00+05:30,1017846.3077826478,0
2026-06-11 12:45:00+05:30,1017846.3077826478,0
2026-06-11 13:00:00+05:30,1017846.3077826478,0
2026-06-11 13:15:00+05:30,1017846.3077826478,0
2026-06-11 13:30:00+05:30,1017846.3077826478,0
2026-06-11 13:45:00+05:30,1017846.3077826478,0
2026-06-11 14:00:00+05:30,1017846.3077826478,0
2026-06-11 14:15:00+05:30,1017846.3077826478,0
2026-06-11 14:30:00+05:30,1017846.3077826478,0
2026-06-11 14:45:00+05:30,1017846.3077826478,0
2026-06-11 15:00:00+05:30,1017846.3077826478,0
2026-06-11 15:15:00+05:30,1017846.3077826478,0
2026-06-12 09:15:00+05:30,1017846.3077826478,0
2026-06-12 09:30:00+05:30,1017846.3077826478,0
2026-06-12 09:45:00+05:30,1017846.3077826478,0
2026-06-12 10:00:00+05:30,1017846.3077826478,0
2026-06-12 10:15:00+05:30,1017846.3077826478,0
2026-06-12 10:30:00+05:30,1017846.3077826478,0
2026-06-12 10:45:00+05:30,1017846.3077826478,0
2026-06-12 11:00:00+05:30,1017846.3077826478,0
2026-06-12 11:15:00+05:30,1017846.3077826478,0
2026-06-12 11:30:00+05:30,1017846.3077826478,0
2026-06-12 11:45:00+05:30,1017846.3077826478,0
2026-06-12 12:00:00+05:30,1017846.3077826478,0
2026-06-12 12:15:00+05:30,1017846.3077826478,0
2026-06-12 12:30:00+05:30,1017846.3077826478,0
2026-06-12 12:45:00+05:30,1017846.3077826478,0
2026-06-12 13:00:00+05:30,1017846.3077826478,0
2026-06-12 13:15:00+05:30,1017846.3077826478,0
2026-06-12 13:30:00+05:30,1017846.3077826478,0
2026-06-12 13:45:00+05:30,1017846.3077826478,0
2026-06-12 14:00:00+05:30,1017846.3077826478,0
2026-06-12 14:15:00+05:30,1019910.2720343822,1
2026-06-12 14:30:00+05:30,1023202.6548468822,1
2026-06-12 14:45:00+05:30,1028962.7134406322,1
2026-06-12 15:00:00+05:30,1031010.2720343822,1
2026-06-12 15:15:00+05:30,1030984.7613450773,0
2026-06-15 09:15:00+05:30,1030984.7613450773,0
2026-06-15 09:30:00+05:30,1030984.7613450773,0
2026-06-15 09:45:00+05:30,1030984.7613450773,0
2026-06-15 10:00:00+05:30,1030984.7613450773,0
2026-06-15 10:15:00+05:30,1030984.7613450773,0
2026-06-15 10:30:00+05:30,1030984.7613450773,0
2026-06-15 10:45:00+05:30,1030984.7613450773,0
2026-06-15 11:00:00+05:30,1030984.7613450773,0
2026-06-15 11:15:00+05:30,1030984.7613450773,0
2026-06-15 11:30:00+05:30,1030984.7613450773,0
2026-06-15 11:45:00+05:30,1030984.7613450773,0
2026-06-15 12:00:00+05:30,1030984.7613450773,0
2026-06-15 12:15:00+05:30,1030984.7613450773,0
2026-06-15 12:30:00+05:30,1030984.7613450773,0
2026-06-15 12:45:00+05:30,1030984.7613450773,0
2026-06-15 13:00:00+05:30,1030984.7613450773,0
2026-06-15 13:15:00+05:30,1030984.7613450773,0
2026-06-15 13:30:00+05:30,1030984.7613450773,0
2026-06-15 13:45:00+05:30,1030984.7613450773,0
2026-06-15 14:00:00+05:30,1030984.7613450773,0
2026-06-15 14:15:00+05:30,1030984.7613450773,0
2026-06-15 14:30:00+05:30,1030984.7613450773,0
2026-06-15 14:45:00+05:30,1030984.7613450773,0
2026-06-15 15:00:00+05:30,1030984.7613450773,0
2026-06-15 15:15:00+05:30,1030984.7613450773,0
2026-06-16 09:15:00+05:30,1030984.7613450773,0
2026-06-16 09:30:00+05:30,1030984.7613450773,0
2026-06-16 09:45:00+05:30,1030984.7613450773,0
2026-06-16 10:00:00+05:30,1030984.7613450773,0
2026-06-16 10:15:00+05:30,1030984.7613450773,0
2026-06-16 10:30:00+05:30,1030984.7613450773,0
2026-06-16 10:45:00+05:30,1030984.7613450773,0
2026-06-16 11:00:00+05:30,1030984.7613450773,0
2026-06-16 11:15:00+05:30,1030984.7613450773,0
2026-06-16 11:30:00+05:30,1030984.7613450773,0
2026-06-16 11:45:00+05:30,1030984.7613450773,0
2026-06-16 12:00:00+05:30,1030984.7613450773,0
2026-06-16 12:15:00+05:30,1030984.7613450773,0
2026-06-16 12:30:00+05:30,1030984.7613450773,0
2026-06-16 12:45:00+05:30,1030984.7613450773,0
2026-06-16 13:00:00+05:30,1030984.7613450773,0
2026-06-16 13:15:00+05:30,1030984.7613450773,0
2026-06-16 13:30:00+05:30,1030984.7613450773,0
2026-06-16 13:45:00+05:30,1030984.7613450773,0
2026-06-16 14:00:00+05:30,1030984.7613450773,0
2026-06-16 14:15:00+05:30,1028629.0977695192,1
2026-06-16 14:30:00+05:30,1025666.5977695192,1
2026-06-16 14:45:00+05:30,1029146.7735507692,1
2026-06-16 15:00:00+05:30,1028989.1563632692,1
2026-06-16 15:15:00+05:30,1028490.7429291853,0
2026-06-17 09:15:00+05:30,1028490.7429291853,0
2026-06-17 09:30:00+05:30,1028490.7429291853,0
2026-06-17 09:45:00+05:30,1027902.386637752,1
2026-06-17 10:00:00+05:30,1025179.828044002,1
2026-06-17 10:15:00+05:30,1028060.003825252,1
2026-06-17 10:30:00+05:30,1030887.445231502,1
2026-06-17 10:45:00+05:30,1030024.945231502,1
2026-06-17 11:00:00+05:30,1030279.828044002,1
2026-06-17 11:15:00+05:30,1031367.328044002,1
2026-06-17 11:30:00+05:30,1030520.062419002,1
2026-06-17 11:45:00+05:30,1026289.886637752,1
2026-06-17 12:00:00+05:30,1025570.062419002,1
2026-06-17 12:15:00+05:30,1024849.945231502,1
2026-06-17 12:30:00+05:30,1024662.445231502,1
2026-06-17 12:45:00+05:30,1022449.945231502,1
2026-06-17 13:00:00+05:30,1018894.9677690568,0
2026-06-17 13:15:00+05:30,1018894.9677690568,0
2026-06-17 13:30:00+05:30,1018894.9677690568,0
2026-06-17 13:45:00+05:30,1018894.9677690568,0
2026-06-17 14:00:00+05:30,1018894.9677690568,0
2026-06-17 14:15:00+05:30,1018894.9677690568,0
2026-06-17 14:30:00+05:30,1018894.9677690568,0
2026-06-17 14:45:00+05:30,1018894.9677690568,0
2026-06-17 15:00:00+05:30,1018894.9677690568,0
2026-06-17 15:15:00+05:30,1018894.9677690568,0
2026-06-18 09:15:00+05:30,1018894.9677690568,0
2026-06-18 09:30:00+05:30,1018894.9677690568,0
2026-06-18 09:45:00+05:30,1018894.9677690568,0
2026-06-18 10:00:00+05:30,1018894.9677690568,0
2026-06-18 10:15:00+05:30,1018894.9677690568,0
2026-06-18 10:30:00+05:30,1018894.9677690568,0
2026-06-18 10:45:00+05:30,1018894.9677690568,0
2026-06-18 11:00:00+05:30,1018894.9677690568,0
2026-06-18 11:15:00+05:30,1018894.9677690568,0
2026-06-18 11:30:00+05:30,1018894.9677690568,0
2026-06-18 11:45:00+05:30,1018894.9677690568,0
2026-06-18 12:00:00+05:30,1018894.9677690568,0
2026-06-18 12:15:00+05:30,1018894.9677690568,0
2026-06-18 12:30:00+05:30,1018894.9677690568,0
2026-06-18 12:45:00+05:30,1018894.9677690568,0
2026-06-18 13:00:00+05:30,1018894.9677690568,0
2026-06-18 13:15:00+05:30,1018894.9677690568,0
2026-06-18 13:30:00+05:30,1018894.9677690568,0
2026-06-18 13:45:00+05:30,1018894.9677690568,0
2026-06-18 14:00:00+05:30,1018894.9677690568,0
2026-06-18 14:15:00+05:30,1018894.9677690568,0
2026-06-18 14:30:00+05:30,1018894.9677690568,0
2026-06-18 14:45:00+05:30,1018894.9677690568,0
2026-06-18 15:00:00+05:30,1018894.9677690568,0
2026-06-18 15:15:00+05:30,1018894.9677690568,0
2026-06-19 09:15:00+05:30,1018894.9677690568,0
2026-06-19 09:30:00+05:30,1018894.9677690568,0
2026-06-19 09:45:00+05:30,1018894.9677690568,0
2026-06-19 10:00:00+05:30,1018894.9677690568,0
2026-06-19 10:15:00+05:30,1018894.9677690568,0
2026-06-19 10:30:00+05:30,1018894.9677690568,0
2026-06-19 10:45:00+05:30,1018894.9677690568,0
2026-06-19 11:00:00+05:30,1018894.9677690568,0
2026-06-19 11:15:00+05:30,1018894.9677690568,0
2026-06-19 11:30:00+05:30,1018894.9677690568,0
2026-06-19 11:45:00+05:30,1018894.9677690568,0
2026-06-19 12:00:00+05:30,1018894.9677690568,0
2026-06-19 12:15:00+05:30,1018894.9677690568,0
2026-06-19 12:30:00+05:30,1018894.9677690568,0
2026-06-19 12:45:00+05:30,1018894.9677690568,0
2026-06-19 13:00:00+05:30,1018894.9677690568,0
2026-06-19 13:15:00+05:30,1018894.9677690568,0
2026-06-19 13:30:00+05:30,1018894.9677690568,0
2026-06-19 13:45:00+05:30,1018894.9677690568,0
2026-06-19 14:00:00+05:30,1018894.9677690568,0
2026-06-19 14:15:00+05:30,1018894.9677690568,0
2026-06-19 14:30:00+05:30,1018894.9677690568,0
2026-06-19 14:45:00+05:30,1018894.9677690568,0
2026-06-19 15:00:00+05:30,1008837.3962160319,0
2026-06-19 15:15:00+05:30,1008837.3962160319,0
2026-06-22 09:15:00+05:30,1008837.3962160319,0
2026-06-22 09:30:00+05:30,1008837.3962160319,0
2026-06-22 09:45:00+05:30,1008837.3962160319,0
2026-06-22 10:00:00+05:30,1008837.3962160319,0
2026-06-22 10:15:00+05:30,1008426.1080960229,1
2026-06-22 10:30:00+05:30,1008441.0495022729,1
2026-06-22 10:45:00+05:30,1009933.4323147729,1
2026-06-22 11:00:00+05:30,1009101.1080960229,1
2026-06-22 11:15:00+05:30,1009603.5495022729,1
2026-06-22 11:30:00+05:30,1007758.4323147729,1
2026-06-22 11:45:00+05:30,1006566.0495022729,1
2026-06-22 12:00:00+05:30,1003235.8737210229,1
2026-06-22 12:15:00+05:30,1003483.4323147729,1
2026-06-22 12:30:00+05:30,1003318.4909085229,1
2026-06-22 12:45:00+05:30,1004030.9909085229,1
2026-06-22 13:00:00+05:30,1002426.1080960229,1
2026-06-22 13:15:00+05:30,1003310.8737210229,1
2026-06-22 13:30:00+05:30,1003423.3737210229,1
2026-06-22 13:45:00+05:30,1004405.9909085229,1
2026-06-22 14:00:00+05:30,1003273.3737210229,1
2026-06-22 14:15:00+05:30,1006326.1080960229,1
2026-06-22 14:30:00+05:30,1005703.5495022729,1
2026-06-22 14:45:00+05:30,1005388.6080960229,1
2026-06-22 15:00:00+05:30,1001353.5495022729,1
2026-06-22 15:15:00+05:30,997050.3734041075,0
2026-06-23 09:15:00+05:30,997050.3734041075,0
2026-06-23 09:30:00+05:30,997050.3734041075,0
2026-06-23 09:45:00+05:30,997050.3734041075,0
2026-06-23 10:00:00+05:30,997050.3734041075,0
2026-06-23 10:15:00+05:30,997050.3734041075,0
2026-06-23 10:30:00+05:30,997050.3734041075,0
2026-06-23 10:45:00+05:30,997050.3734041075,0
2026-06-23 11:00:00+05:30,997050.3734041075,0
2026-06-23 11:15:00+05:30,997050.3734041075,0
2026-06-23 11:30:00+05:30,997050.3734041075,0
2026-06-23 11:45:00+05:30,997050.3734041075,0
2026-06-23 12:00:00+05:30,997050.3734041075,0
2026-06-23 12:15:00+05:30,997050.3734041075,0
2026-06-23 12:30:00+05:30,995692.5540623047,-1
2026-06-23 12:45:00+05:30,998384.9368748047,-1
2026-06-23 13:00:00+05:30,999569.9954685547,-1
2026-06-23 13:15:00+05:30,1001849.8782810547,-1
2026-06-23 13:30:00+05:30,1003980.0540623047,-1
2026-06-23 13:45:00+05:30,1007587.3782810547,-1
2026-06-23 14:00:00+05:30,1001332.4954685547,-1
2026-06-23 14:15:00+05:30,1000589.8196873047,-1
2026-06-23 14:30:00+05:30,998872.4368748047,-1
2026-06-23 14:45:00+05:30,1000814.8196873047,-1
2026-06-23 15:00:00+05:30,1013805.0540623047,-1
2026-06-23 15:15:00+05:30,1017786.4887383407,0
2026-06-24 09:15:00+05:30,1017786.4887383407,0
2026-06-24 09:30:00+05:30,1017786.4887383407,0
2026-06-24 09:45:00+05:30,1017786.4887383407,0
2026-06-24 10:00:00+05:30,1017786.4887383407,0
2026-06-24 10:15:00+05:30,1017786.4887383407,0
2026-06-24 10:30:00+05:30,1017786.4887383407,0
2026-06-24 10:45:00+05:30,1017786.4887383407,0
2026-06-24 11:00:00+05:30,1017786.4887383407,0
2026-06-24 11:15:00+05:30,1017786.4887383407,0
2026-06-24 11:30:00+05:30,1017786.4887383407,0
2026-06-24 11:45:00+05:30,1017786.4887383407,0
2026-06-24 12:00:00+05:30,1017786.4887383407,0
2026-06-24 12:15:00+05:30,1017786.4887383407,0
2026-06-24 12:30:00+05:30,1017786.4887383407,0
2026-06-24 12:45:00+05:30,1017786.4887383407,0
2026-06-24 13:00:00+05:30,1017786.4887383407,0
2026-06-24 13:15:00+05:30,1017786.4887383407,0
2026-06-24 13:30:00+05:30,1017786.4887383407,0
2026-06-24 13:45:00+05:30,1017786.4887383407,0
2026-06-24 14:00:00+05:30,1017786.4887383407,0
2026-06-24 14:15:00+05:30,1017786.4887383407,0
2026-06-24 14:30:00+05:30,1017786.4887383407,0
2026-06-24 14:45:00+05:30,1017786.4887383407,0
2026-06-24 15:00:00+05:30,1017786.4887383407,0
2026-06-24 15:15:00+05:30,1017786.4887383407,0
2026-06-25 09:15:00+05:30,1017786.4887383407,0
2026-06-25 09:30:00+05:30,1017786.4887383407,0
2026-06-25 09:45:00+05:30,1017786.4887383407,0
2026-06-25 10:00:00+05:30,1018004.101331562,1
2026-06-25 10:15:00+05:30,1016234.277112812,1
2026-06-25 10:30:00+05:30,1017734.277112812,1
2026-06-25 10:45:00+05:30,1019984.277112812,1
2026-06-25 11:00:00+05:30,1019774.218519062,1
2026-06-25 11:15:00+05:30,1018971.777112812,1
2026-06-25 11:30:00+05:30,1019774.218519062,1
2026-06-25 11:45:00+05:30,1025819.042737812,1
2026-06-25 12:00:00+05:30,1026936.718519062,1
2026-06-25 12:15:00+05:30,1020741.601331562,1
2026-06-25 12:30:00+05:30,1016059.3633913052,0
2026-06-25 12:45:00+05:30,1016059.3633913052,0
2026-06-25 13:00:00+05:30,1016059.3633913052,0
2026-06-25 13:15:00+05:30,1016059.3633913052,0
2026-06-25 13:30:00+05:30,1016059.3633913052,0
2026-06-25 13:45:00+05:30,1016059.3633913052,0
2026-06-25 14:00:00+05:30,1016059.3633913052,0
2026-06-25 14:15:00+05:30,1016059.3633913052,0
2026-06-25 14:30:00+05:30,1016059.3633913052,0
2026-06-25 14:45:00+05:30,1016059.3633913052,0
2026-06-25 15:00:00+05:30,1016059.3633913052,0
2026-06-25 15:15:00+05:30,1016059.3633913052,0
2026-06-29 09:15:00+05:30,1016059.3633913052,0
2026-06-29 09:30:00+05:30,1016059.3633913052,0
2026-06-29 09:45:00+05:30,1016059.3633913052,0
2026-06-29 10:00:00+05:30,1016059.3633913052,0
2026-06-29 10:15:00+05:30,1016059.3633913052,0
2026-06-29 10:30:00+05:30,1016059.3633913052,0
2026-06-29 10:45:00+05:30,1016059.3633913052,0
2026-06-29 11:00:00+05:30,1016059.3633913052,0
2026-06-29 11:15:00+05:30,1016059.3633913052,0
2026-06-29 11:30:00+05:30,1016059.3633913052,0
2026-06-29 11:45:00+05:30,1016059.3633913052,0
2026-06-29 12:00:00+05:30,1016059.3633913052,0
2026-06-29 12:15:00+05:30,1018650.7648985669,-1
2026-06-29 12:30:00+05:30,1022243.4406798169,-1
2026-06-29 12:45:00+05:30,1019415.7063048169,-1
2026-06-29 13:00:00+05:30,1019505.9406798169,-1
2026-06-29 13:15:00+05:30,1019138.2648985669,-1
2026-06-29 13:30:00+05:30,1022843.4406798169,-1
2026-06-29 13:45:00+05:30,1021755.9406798169,-1
2026-06-29 14:00:00+05:30,1020158.3820860669,-1
2026-06-29 14:15:00+05:30,1021283.3820860669,-1
2026-06-29 14:30:00+05:30,1019273.3234923169,-1
2026-06-29 14:45:00+05:30,1024320.8820860669,-1
2026-06-29 15:00:00+05:30,1022430.9406798169,-1
2026-06-29 15:15:00+05:30,1016243.2343121151,0
2026-06-30 09:15:00+05:30,1016243.2343121151,0
2026-06-30 09:30:00+05:30,1016243.2343121151,0
2026-06-30 09:45:00+05:30,1014610.0626732787,-1
2026-06-30 10:00:00+05:30,1014002.4454857787,-1
2026-06-30 10:15:00+05:30,1013878.8126732787,-1
2026-06-30 10:30:00+05:30,1013950.0040795287,-1
2026-06-30 10:45:00+05:30,1014838.7247826537,-1
2026-06-30 11:00:00+05:30,1010095.8735243669,0
2026-06-30 11:15:00+05:30,1010095.8735243669,0
2026-06-30 11:30:00+05:30,1010095.8735243669,0
2026-06-30 11:45:00+05:30,1010095.8735243669,0
2026-06-30 12:00:00+05:30,1010095.8735243669,0
2026-06-30 12:15:00+05:30,1010095.8735243669,0
2026-06-30 12:30:00+05:30,1010095.8735243669,0
2026-06-30 12:45:00+05:30,1010095.8735243669,0
2026-06-30 13:00:00+05:30,1010095.8735243669,0
2026-06-30 13:15:00+05:30,1010095.8735243669,0
2026-06-30 13:30:00+05:30,1010095.8735243669,0
2026-06-30 13:45:00+05:30,1010095.8735243669,0
2026-06-30 14:00:00+05:30,1010095.8735243669,0
2026-06-30 14:15:00+05:30,1010095.8735243669,0
2026-06-30 14:30:00+05:30,1010095.8735243669,0
2026-06-30 14:45:00+05:30,1010095.8735243669,0
2026-06-30 15:00:00+05:30,1010095.8735243669,0
2026-06-30 15:15:00+05:30,1010095.8735243669,0
2026-07-01 09:15:00+05:30,1010095.8735243669,0
2026-07-01 09:30:00+05:30,1010095.8735243669,0
2026-07-01 09:45:00+05:30,1010095.8735243669,0
2026-07-01 10:00:00+05:30,1010095.8735243669,0
2026-07-01 10:15:00+05:30,1010095.8735243669,0
2026-07-01 10:30:00+05:30,1010095.8735243669,0
2026-07-01 10:45:00+05:30,1010095.8735243669,0
2026-07-01 11:00:00+05:30,1010095.8735243669,0
2026-07-01 11:15:00+05:30,1010095.8735243669,0
2026-07-01 11:30:00+05:30,1010095.8735243669,0
2026-07-01 11:45:00+05:30,1010095.8735243669,0
2026-07-01 12:00:00+05:30,1010095.8735243669,0
2026-07-01 12:15:00+05:30,1010095.8735243669,0
2026-07-01 12:30:00+05:30,1010095.8735243669,0
2026-07-01 12:45:00+05:30,1010095.8735243669,0
2026-07-01 13:00:00+05:30,1010095.8735243669,0
2026-07-01 13:15:00+05:30,1010095.8735243669,0
2026-07-01 13:30:00+05:30,1010095.8735243669,0
2026-07-01 13:45:00+05:30,1010095.8735243669,0
2026-07-01 14:00:00+05:30,1010095.8735243669,0
2026-07-01 14:15:00+05:30,1010095.8735243669,0
2026-07-01 14:30:00+05:30,1010095.8735243669,0
2026-07-01 14:45:00+05:30,1010095.8735243669,0
2026-07-01 15:00:00+05:30,1010095.8735243669,0
2026-07-01 15:15:00+05:30,1010095.8735243669,0
2026-07-02 09:15:00+05:30,1010095.8735243669,0
2026-07-02 09:30:00+05:30,1010095.8735243669,0
2026-07-02 09:45:00+05:30,1010095.8735243669,0
2026-07-02 10:00:00+05:30,1010095.8735243669,0
2026-07-02 10:15:00+05:30,1010095.8735243669,0
2026-07-02 10:30:00+05:30,1010095.8735243669,0
2026-07-02 10:45:00+05:30,1010095.8735243669,0
2026-07-02 11:00:00+05:30,1010095.8735243669,0
2026-07-02 11:15:00+05:30,1010095.8735243669,0
2026-07-02 11:30:00+05:30,1010095.8735243669,0
2026-07-02 11:45:00+05:30,1010095.8735243669,0
2026-07-02 12:00:00+05:30,1010095.8735243669,0
2026-07-02 12:15:00+05:30,1010095.8735243669,0
2026-07-02 12:30:00+05:30,1010095.8735243669,0
2026-07-02 12:45:00+05:30,1010095.8735243669,0
2026-07-02 13:00:00+05:30,1010095.8735243669,0
2026-07-02 13:15:00+05:30,1010095.8735243669,0
2026-07-02 13:30:00+05:30,1010095.8735243669,0
2026-07-02 13:45:00+05:30,1010095.8735243669,0
2026-07-02 14:00:00+05:30,1010095.8735243669,0
2026-07-02 14:15:00+05:30,1010095.8735243669,0
2026-07-02 14:30:00+05:30,1010095.8735243669,0
2026-07-02 14:45:00+05:30,1010095.8735243669,0
2026-07-02 15:00:00+05:30,1006953.2095178403,1
2026-07-02 15:15:00+05:30,1004223.6764495769,0
2026-07-03 09:15:00+05:30,1004223.6764495769,0
2026-07-03 09:30:00+05:30,1004223.6764495769,0
2026-07-03 09:45:00+05:30,1004223.6764495769,0
2026-07-03 10:00:00+05:30,1004223.6764495769,0
2026-07-03 10:15:00+05:30,1004223.6764495769,0
2026-07-03 10:30:00+05:30,1004223.6764495769,0
2026-07-03 10:45:00+05:30,1004223.6764495769,0
2026-07-03 11:00:00+05:30,1004223.6764495769,0
2026-07-03 11:15:00+05:30,1004223.6764495769,0
2026-07-03 11:30:00+05:30,1004223.6764495769,0
2026-07-03 11:45:00+05:30,1004223.6764495769,0
2026-07-03 12:00:00+05:30,1004223.6764495769,0
2026-07-03 12:15:00+05:30,1004223.6764495769,0
2026-07-03 12:30:00+05:30,1004223.6764495769,0
2026-07-03 12:45:00+05:30,1004223.6764495769,0
2026-07-03 13:00:00+05:30,1004223.6764495769,0
2026-07-03 13:15:00+05:30,1004223.6764495769,0
2026-07-03 13:30:00+05:30,1004223.6764495769,0
2026-07-03 13:45:00+05:30,1004223.6764495769,0
2026-07-03 14:00:00+05:30,1004223.6764495769,0
2026-07-03 14:15:00+05:30,1004223.6764495769,0
2026-07-03 14:30:00+05:30,1004223.6764495769,0
2026-07-03 14:45:00+05:30,1004223.6764495769,0
2026-07-03 15:00:00+05:30,1004223.6764495769,0
2026-07-03 15:15:00+05:30,1004223.6764495769,0
2026-07-06 09:15:00+05:30,1004223.6764495769,0
2026-07-06 09:30:00+05:30,1004223.6764495769,0
2026-07-06 09:45:00+05:30,1004223.6764495769,0
2026-07-06 10:00:00+05:30,1001111.1924567015,1
2026-07-06 10:15:00+05:30,1006428.8682379515,1
2026-07-06 10:30:00+05:30,1006083.7510504515,1
2026-07-06 10:45:00+05:30,1009278.8682379515,1
2026-07-06 11:00:00+05:30,1007928.8682379515,1
2026-07-06 11:15:00+05:30,1008476.4268317015,1
2026-07-06 11:30:00+05:30,1008086.1924567015,1
2026-07-06 11:45:00+05:30,1009301.4268317015,1
2026-07-06 12:00:00+05:30,1012068.8096442015,1
2026-07-06 12:15:00+05:30,1011633.7510504515,1
2026-07-06 12:30:00+05:30,1012016.3682379515,1
2026-07-06 12:45:00+05:30,1011596.2510504515,1
2026-07-06 13:00:00+05:30,1013073.6924567015,1
2026-07-06 13:15:00+05:30,1012083.7510504515,1
2026-07-06 13:30:00+05:30,1011326.4268317015,1
2026-07-06 13:45:00+05:30,1006961.1924567015,1
2026-07-06 14:00:00+05:30,1005701.4268317015,1
2026-07-06 14:15:00+05:30,1006406.3096442015,1
2026-07-06 14:30:00+05:30,1004996.2510504515,1
2026-07-06 14:45:00+05:30,1002482.098129671,0
2026-07-06 15:00:00+05:30,1002482.098129671,0
2026-07-06 15:15:00+05:30,1002482.098129671,0
2026-07-07 09:15:00+05:30,1002482.098129671,0
2026-07-07 09:30:00+05:30,1002482.098129671,0
2026-07-07 09:45:00+05:30,1002482.098129671,0
2026-07-07 10:00:00+05:30,1002482.098129671,0
2026-07-07 10:15:00+05:30,1002636.1544302789,1
2026-07-07 10:30:00+05:30,999591.3302115289,1
2026-07-07 10:45:00+05:30,1001181.2716177789,1
2026-07-07 11:00:00+05:30,1005943.7716177789,1
2026-07-07 11:15:00+05:30,1007001.3888052789,1
2026-07-07 11:30:00+05:30,1005628.8302115289,1
2026-07-07 11:45:00+05:30,1007758.7130240289,1
2026-07-07 12:00:00+05:30,1004788.8888052789,1
2026-07-07 12:15:00+05:30,1000733.6616504823,0
2026-07-07 12:30:00+05:30,1000733.6616504823,0
2026-07-07 12:45:00+05:30,1000733.6616504823,0
2026-07-07 13:00:00+05:30,1000733.6616504823,0
2026-07-07 13:15:00+05:30,1000733.6616504823,0
2026-07-07 13:30:00+05:30,1000733.6616504823,0
2026-07-07 13:45:00+05:30,1000733.6616504823,0
2026-07-07 14:00:00+05:30,1000733.6616504823,0
2026-07-07 14:15:00+05:30,1000733.6616504823,0
2026-07-07 14:30:00+05:30,1000733.6616504823,0
2026-07-07 14:45:00+05:30,1000733.6616504823,0
2026-07-07 15:00:00+05:30,1000733.6616504823,0
2026-07-07 15:15:00+05:30,1000733.6616504823,0
2026-07-08 09:15:00+05:30,1000733.6616504823,0
2026-07-08 09:30:00+05:30,1000733.6616504823,0
2026-07-08 09:45:00+05:30,1000733.6616504823,0
2026-07-08 10:00:00+05:30,1000733.6616504823,0
2026-07-08 10:15:00+05:30,1000733.6616504823,0
2026-07-08 10:30:00+05:30,1000733.6616504823,0
2026-07-08 10:45:00+05:30,1000733.6616504823,0
2026-07-08 11:00:00+05:30,1000733.6616504823,0
2026-07-08 11:15:00+05:30,1000733.6616504823,0
2026-07-08 11:30:00+05:30,1000733.6616504823,0
2026-07-08 11:45:00+05:30,1000733.6616504823,0
2026-07-08 12:00:00+05:30,1000733.6616504823,0
2026-07-08 12:15:00+05:30,1000733.6616504823,0
2026-07-08 12:30:00+05:30,999614.4143595397,-1
2026-07-08 12:45:00+05:30,997934.2385782897,-1
2026-07-08 13:00:00+05:30,997776.9143595397,-1
2026-07-08 13:15:00+05:30,997874.1799845397,-1
2026-07-08 13:30:00+05:30,999546.7385782897,-1
2026-07-08 13:45:00+05:30,1028886.6799845397,-1
2026-07-08 14:00:00+05:30,1045679.3557657897,-1
2026-07-08 14:15:00+05:30,1049196.7385782897,-1
2026-07-08 14:30:00+05:30,1050809.2385782897,-1
2026-07-08 14:45:00+05:30,1056021.7385782897,-1
2026-07-08 15:00:00+05:30,1047809.2385782896,-1
2026-07-08 15:15:00+05:30,1044849.7715479283,0
2026-07-09 09:15:00+05:30,1044849.7715479283,0
2026-07-09 09:30:00+05:30,1044849.7715479283,0
2026-07-09 09:45:00+05:30,1044849.7715479283,0
2026-07-09 10:00:00+05:30,1044849.7715479283,0
2026-07-09 10:15:00+05:30,1044849.7715479283,0
2026-07-09 10:30:00+05:30,1044849.7715479283,0
2026-07-09 10:45:00+05:30,1044849.7715479283,0
2026-07-09 11:00:00+05:30,1044849.7715479283,0
2026-07-09 11:15:00+05:30,1044849.7715479283,0
2026-07-09 11:30:00+05:30,1044849.7715479283,0
2026-07-09 11:45:00+05:30,1044849.7715479283,0
2026-07-09 12:00:00+05:30,1044849.7715479283,0
2026-07-09 12:15:00+05:30,1044849.7715479283,0
2026-07-09 12:30:00+05:30,1044849.7715479283,0
2026-07-09 12:45:00+05:30,1044849.7715479283,0
2026-07-09 13:00:00+05:30,1044849.7715479283,0
2026-07-09 13:15:00+05:30,1044849.7715479283,0
2026-07-09 13:30:00+05:30,1044849.7715479283,0
2026-07-09 13:45:00+05:30,1044849.7715479283,0
2026-07-09 14:00:00+05:30,1044849.7715479283,0
2026-07-09 14:15:00+05:30,1044849.7715479283,0
2026-07-09 14:30:00+05:30,1044849.7715479283,0
2026-07-09 14:45:00+05:30,1044849.7715479283,0
2026-07-09 15:00:00+05:30,1044849.7715479283,0
2026-07-09 15:15:00+05:30,1044849.7715479283,0
2026-07-10 09:15:00+05:30,1044849.7715479283,0
2026-07-10 09:30:00+05:30,1044849.7715479283,0
2026-07-10 09:45:00+05:30,1044849.7715479283,0
2026-07-10 10:00:00+05:30,1044849.7715479283,0
2026-07-10 10:15:00+05:30,1044849.7715479283,0
2026-07-10 10:30:00+05:30,1044849.7715479283,0
2026-07-10 10:45:00+05:30,1044849.7715479283,0
2026-07-10 11:00:00+05:30,1044849.7715479283,0
2026-07-10 11:15:00+05:30,1044849.7715479283,0
2026-07-10 11:30:00+05:30,1044849.7715479283,0
2026-07-10 11:45:00+05:30,1044849.7715479283,0
2026-07-10 12:00:00+05:30,1044849.7715479283,0
2026-07-10 12:15:00+05:30,1044849.7715479283,0
2026-07-10 12:30:00+05:30,1044849.7715479283,0
2026-07-10 12:45:00+05:30,1044849.7715479283,0
2026-07-10 13:00:00+05:30,1044849.7715479283,0
2026-07-10 13:15:00+05:30,1044849.7715479283,0
2026-07-10 13:30:00+05:30,1044849.7715479283,0
2026-07-10 13:45:00+05:30,1044849.7715479283,0
2026-07-10 14:00:00+05:30,1044849.7715479283,0
2026-07-10 14:15:00+05:30,1044849.7715479283,0
2026-07-10 14:30:00+05:30,1044849.7715479283,0
2026-07-10 14:45:00+05:30,1044849.7715479283,0
2026-07-10 15:00:00+05:30,1044849.7715479283,0
2026-07-10 15:15:00+05:30,1044849.7715479283,0
2026-07-13 09:15:00+05:30,1044849.7715479283,0
2026-07-13 09:30:00+05:30,1044849.7715479283,0
2026-07-13 09:45:00+05:30,1044849.7715479283,0
2026-07-13 10:00:00+05:30,1044849.7715479283,0
2026-07-13 10:15:00+05:30,1044849.7715479283,0
2026-07-13 10:30:00+05:30,1044849.7715479283,0
2026-07-13 10:45:00+05:30,1044849.7715479283,0
2026-07-13 11:00:00+05:30,1044849.7715479283,0
2026-07-13 11:15:00+05:30,1044849.7715479283,0
2026-07-13 11:30:00+05:30,1044849.7715479283,0
2026-07-13 11:45:00+05:30,1044849.7715479283,0
2026-07-13 12:00:00+05:30,1044849.7715479283,0
2026-07-13 12:15:00+05:30,1044849.7715479283,0
2026-07-13 12:30:00+05:30,1044849.7715479283,0
2026-07-13 12:45:00+05:30,1044849.7715479283,0
2026-07-13 13:00:00+05:30,1044849.7715479283,0
2026-07-13 13:15:00+05:30,1044849.7715479283,0
2026-07-13 13:30:00+05:30,1044849.7715479283,0
2026-07-13 13:45:00+05:30,1044849.7715479283,0
2026-07-13 14:00:00+05:30,1044849.7715479283,0
2026-07-13 14:15:00+05:30,1044849.7715479283,0
2026-07-13 14:30:00+05:30,1044849.7715479283,0
2026-07-13 14:45:00+05:30,1044849.7715479283,0
2026-07-13 15:00:00+05:30,1044849.7715479283,0
2026-07-13 15:15:00+05:30,1044849.7715479283,0
2026-07-14 09:15:00+05:30,1044849.7715479283,0
2026-07-14 09:30:00+05:30,1044849.7715479283,0
2026-07-14 09:45:00+05:30,1044849.7715479283,0
2026-07-14 10:00:00+05:30,1044849.7715479283,0
2026-07-14 10:15:00+05:30,1044849.7715479283,0
2026-07-14 10:30:00+05:30,1044849.7715479283,0
2026-07-14 10:45:00+05:30,1044849.7715479283,0
2026-07-14 11:00:00+05:30,1044849.7715479283,0
2026-07-14 11:15:00+05:30,1044849.7715479283,0
2026-07-14 11:30:00+05:30,1044849.7715479283,0
2026-07-14 11:45:00+05:30,1044849.7715479283,0
2026-07-14 12:00:00+05:30,1044849.7715479283,0
2026-07-14 12:15:00+05:30,1044849.7715479283,0
2026-07-14 12:30:00+05:30,1044849.7715479283,0
2026-07-14 12:45:00+05:30,1044849.7715479283,0
2026-07-14 13:00:00+05:30,1044849.7715479283,0
2026-07-14 13:15:00+05:30,1044849.7715479283,0
2026-07-14 13:30:00+05:30,1044849.7715479283,0
2026-07-14 13:45:00+05:30,1044849.7715479283,0
2026-07-14 14:00:00+05:30,1044849.7715479283,0
2026-07-14 14:15:00+05:30,1044849.7715479283,0
2026-07-14 14:30:00+05:30,1044849.7715479283,0
2026-07-14 14:45:00+05:30,1044849.7715479283,0
2026-07-14 15:00:00+05:30,1044849.7715479283,0
2026-07-14 15:15:00+05:30,1044849.7715479283,0
2026-07-15 09:15:00+05:30,1044849.7715479283,0
2026-07-15 09:30:00+05:30,1044849.7715479283,0
2026-07-15 09:45:00+05:30,1044849.7715479283,0
2026-07-15 10:00:00+05:30,1044849.7715479283,0
2026-07-15 10:15:00+05:30,1044849.7715479283,0
2026-07-15 10:30:00+05:30,1044849.7715479283,0
2026-07-15 10:45:00+05:30,1044849.7715479283,0
2026-07-15 11:00:00+05:30,1044849.7715479283,0
2026-07-15 11:15:00+05:30,1044849.7715479283,0
2026-07-15 11:30:00+05:30,1044849.7715479283,0
2026-07-15 11:45:00+05:30,1044849.7715479283,0
2026-07-15 12:00:00+05:30,1044849.7715479283,0
2026-07-15 12:15:00+05:30,1044849.7715479283,0
2026-07-15 12:30:00+05:30,1044849.7715479283,0
2026-07-15 12:45:00+05:30,1044849.7715479283,0
2026-07-15 13:00:00+05:30,1044849.7715479283,0
2026-07-15 13:15:00+05:30,1044849.7715479283,0
2026-07-15 13:30:00+05:30,1044849.7715479283,0
2026-07-15 13:45:00+05:30,1044849.7715479283,0
2026-07-15 14:00:00+05:30,1044849.7715479283,0
2026-07-15 14:15:00+05:30,1044849.7715479283,0
2026-07-15 14:30:00+05:30,1044849.7715479283,0
2026-07-15 14:45:00+05:30,1044849.7715479283,0
2026-07-15 15:00:00+05:30,1044849.7715479283,0
2026-07-15 15:15:00+05:30,1044849.7715479283,0
2026-07-16 09:15:00+05:30,1044849.7715479283,0
2026-07-16 09:30:00+05:30,1044849.7715479283,0
2026-07-16 09:45:00+05:30,1044849.7715479283,0
2026-07-16 10:00:00+05:30,1044849.7715479283,0
2026-07-16 10:15:00+05:30,1044849.7715479283,0
2026-07-16 10:30:00+05:30,1044849.7715479283,0
2026-07-16 10:45:00+05:30,1044849.7715479283,0
2026-07-16 11:00:00+05:30,1044849.7715479283,0
2026-07-16 11:15:00+05:30,1044849.7715479283,0
2026-07-16 11:30:00+05:30,1044849.7715479283,0
2026-07-16 11:45:00+05:30,1044849.7715479283,0
2026-07-16 12:00:00+05:30,1044849.7715479283,0
2026-07-16 12:15:00+05:30,1044849.7715479283,0
2026-07-16 12:30:00+05:30,1044849.7715479283,0
2026-07-16 12:45:00+05:30,1044849.7715479283,0
2026-07-16 13:00:00+05:30,1044849.7715479283,0
2026-07-16 13:15:00+05:30,1044849.7715479283,0
2026-07-16 13:30:00+05:30,1044849.7715479283,0
2026-07-16 13:45:00+05:30,1044849.7715479283,0
2026-07-16 14:00:00+05:30,1044849.7715479283,0
2026-07-16 14:15:00+05:30,1044849.7715479283,0
2026-07-16 14:30:00+05:30,1044849.7715479283,0
2026-07-16 14:45:00+05:30,1044849.7715479283,0
2026-07-16 15:00:00+05:30,1044849.7715479283,0
2026-07-16 15:15:00+05:30,1044849.7715479283,0
2026-07-17 09:15:00+05:30,1044849.7715479283,0
2026-07-17 09:30:00+05:30,1044849.7715479283,0
2026-07-17 09:45:00+05:30,1044849.7715479283,0
2026-07-17 10:00:00+05:30,1044849.7715479283,0
2026-07-17 10:15:00+05:30,1044849.7715479283,0
2026-07-17 10:30:00+05:30,1040608.6997020069,1
2026-07-17 10:45:00+05:30,1040271.1997020069,1
2026-07-17 11:00:00+05:30,1037098.6411082569,1
2026-07-17 11:15:00+05:30,1038373.6411082569,1
2026-07-17 11:30:00+05:30,1041801.0825145069,1
2026-07-17 11:45:00+05:30,1043286.1411082569,1
2026-07-17 12:00:00+05:30,1043226.0825145069,1
2026-07-17 12:15:00+05:30,1043346.1997020069,1
2026-07-17 12:30:00+05:30,1043271.1997020069,1
2026-07-17 12:45:00+05:30,1044216.0239207569,1
2026-07-17 13:00:00+05:30,1044126.0825145069,1
2026-07-17 13:15:00+05:30,1041921.1997020069,1
2026-07-17 13:30:00+05:30,1039858.6997020069,1
2026-07-17 13:45:00+05:30,1034179.6164075747,0
2026-07-17 14:00:00+05:30,1034179.6164075747,0
2026-07-17 14:15:00+05:30,1034179.6164075747,0
2026-07-17 14:30:00+05:30,1034179.6164075747,0
2026-07-17 14:45:00+05:30,1034179.6164075747,0
2026-07-17 15:00:00+05:30,1034179.6164075747,0
2026-07-17 15:15:00+05:30,1034179.6164075747,0
2026-07-20 09:15:00+05:30,1034179.6164075747,0
2026-07-20 09:30:00+05:30,1034179.6164075747,0
2026-07-20 09:45:00+05:30,1034179.6164075747,0
2026-07-20 10:00:00+05:30,1034179.6164075747,0
2026-07-20 10:15:00+05:30,1034179.6164075747,0
2026-07-20 10:30:00+05:30,1034179.6164075747,0
2026-07-20 10:45:00+05:30,1034179.6164075747,0
2026-07-20 11:00:00+05:30,1034179.6164075747,0
2026-07-20 11:15:00+05:30,1034179.6164075747,0
2026-07-20 11:30:00+05:30,1034179.6164075747,0
2026-07-20 11:45:00+05:30,1034179.6164075747,0
2026-07-20 12:00:00+05:30,1034179.6164075747,0
2026-07-20 12:15:00+05:30,1034179.6164075747,0
2026-07-20 12:30:00+05:30,1034179.6164075747,0
2026-07-20 12:45:00+05:30,1034179.6164075747,0
2026-07-20 13:00:00+05:30,1034179.6164075747,0
2026-07-20 13:15:00+05:30,1034179.6164075747,0
2026-07-20 13:30:00+05:30,1034179.6164075747,0
2026-07-20 13:45:00+05:30,1034179.6164075747,0
2026-07-20 14:00:00+05:30,1034179.6164075747,0
2026-07-20 14:15:00+05:30,1034179.6164075747,0
2026-07-20 14:30:00+05:30,1034179.6164075747,0
2026-07-20 14:45:00+05:30,1034179.6164075747,0
2026-07-20 15:00:00+05:30,1034179.6164075747,0
2026-07-20 15:15:00+05:30,1034179.6164075747,0
2026-07-21 09:15:00+05:30,1034179.6164075747,0
2026-07-21 09:30:00+05:30,1034179.6164075747,0
2026-07-21 09:45:00+05:30,1034179.6164075747,0
2026-07-21 10:00:00+05:30,1034179.6164075747,0
2026-07-21 10:15:00+05:30,1034179.6164075747,0
2026-07-21 10:30:00+05:30,1034179.6164075747,0
2026-07-21 10:45:00+05:30,1034179.6164075747,0
2026-07-21 11:00:00+05:30,1034179.6164075747,0
2026-07-21 11:15:00+05:30,1034179.6164075747,0
2026-07-21 11:30:00+05:30,1034179.6164075747,0
2026-07-21 11:45:00+05:30,1034179.6164075747,0
2026-07-21 12:00:00+05:30,1034179.6164075747,0
2026-07-21 12:15:00+05:30,1034179.6164075747,0
2026-07-21 12:30:00+05:30,1034179.6164075747,0
2026-07-21 12:45:00+05:30,1034179.6164075747,0
2026-07-21 13:00:00+05:30,1032524.0034314524,-1
2026-07-21 13:15:00+05:30,1029471.5620252024,-1
2026-07-21 13:30:00+05:30,1026708.9525859988,0
2026-07-21 13:45:00+05:30,1026708.9525859988,0
2026-07-21 14:00:00+05:30,1026708.9525859988,0
2026-07-21 14:15:00+05:30,1026708.9525859988,0
2026-07-21 14:30:00+05:30,1026708.9525859988,0
2026-07-21 14:45:00+05:30,1026708.9525859988,0
2026-07-21 15:00:00+05:30,1026708.9525859988,0
2026-07-21 15:15:00+05:30,1026708.9525859988,0
2026-07-22 09:15:00+05:30,1026708.9525859988,0
2026-07-22 09:30:00+05:30,1026708.9525859988,0
2026-07-22 09:45:00+05:30,1026388.5397121096,-1
2026-07-22 10:00:00+05:30,1024401.0397121096,-1
2026-07-22 10:15:00+05:30,1028278.4811183596,-1
2026-07-22 10:30:00+05:30,1031038.5397121096,-1
2026-07-22 10:45:00+05:30,1024992.610018406,0
2026-07-22 11:00:00+05:30,1024992.610018406,0
2026-07-22 11:15:00+05:30,1024992.610018406,0
2026-07-22 11:30:00+05:30,1024992.610018406,0
2026-07-22 11:45:00+05:30,1024992.610018406,0
2026-07-22 12:00:00+05:30,1024992.610018406,0
2026-07-22 12:15:00+05:30,1024992.610018406,0
2026-07-22 12:30:00+05:30,1024992.610018406,0
2026-07-22 12:45:00+05:30,1024992.610018406,0
2026-07-22 13:00:00+05:30,1024992.610018406,0
2026-07-22 13:15:00+05:30,1024992.610018406,0
2026-07-22 13:30:00+05:30,1024992.610018406,0
2026-07-22 13:45:00+05:30,1024992.610018406,0
2026-07-22 14:00:00+05:30,1024992.610018406,0
2026-07-22 14:15:00+05:30,1024992.610018406,0
2026-07-22 14:30:00+05:30,1024992.610018406,0
2026-07-22 14:45:00+05:30,1024992.610018406,0
2026-07-22 15:00:00+05:30,1024992.610018406,0
2026-07-22 15:15:00+05:30,1024992.610018406,0
2026-07-23 09:15:00+05:30,1024992.610018406,0
2026-07-23 09:30:00+05:30,1024992.610018406,0
2026-07-23 09:45:00+05:30,1024992.610018406,0
2026-07-23 10:00:00+05:30,1024992.610018406,0
2026-07-23 10:15:00+05:30,1024992.610018406,0
2026-07-23 10:30:00+05:30,1024992.610018406,0
2026-07-23 10:45:00+05:30,1024992.610018406,0
2026-07-23 11:00:00+05:30,1024992.610018406,0
2026-07-23 11:15:00+05:30,1024992.610018406,0
2026-07-23 11:30:00+05:30,1024992.610018406,0
2026-07-23 11:45:00+05:30,1024992.610018406,0
2026-07-23 12:00:00+05:30,1024992.610018406,0
2026-07-23 12:15:00+05:30,1024992.610018406,0
2026-07-23 12:30:00+05:30,1024992.610018406,0
2026-07-23 12:45:00+05:30,1024142.8008365205,-1
2026-07-23 13:00:00+05:30,1027202.8594302705,-1
2026-07-23 13:15:00+05:30,1026280.3008365205,-1
2026-07-23 13:30:00+05:30,1024457.7422427705,-1
2026-07-23 13:45:00+05:30,1022770.2422427705,-1
2026-07-23 14:00:00+05:30,1024360.4766177705,-1
2026-07-23 14:15:00+05:30,1023137.9180240205,-1
2026-07-23 14:30:00+05:30,1026640.3594302705,-1
2026-07-23 14:45:00+05:30,1025980.3008365205,-1
2026-07-23 15:00:00+05:30,1021142.8008365205,-1
2026-07-23 15:15:00+05:30,1020284.2398148548,0
2026-07-24 09:15:00+05:30,1020284.2398148548,0
2026-07-24 09:30:00+05:30,1020284.2398148548,0
2026-07-24 09:45:00+05:30,1020284.2398148548,0
2026-07-24 10:00:00+05:30,1022389.376498493,-1
2026-07-24 10:15:00+05:30,1021373.067904743,-1
2026-07-24 10:30:00+05:30,1019974.288607868,-1
2026-07-24 10:45:00+05:30,1020968.038607868,-1
2026-07-24 11:00:00+05:30,1021223.067904743,-1
2026-07-24 11:15:00+05:30,1018864.376498493,-1
2026-07-24 11:30:00+05:30,1016876.876498493,-1
2026-07-24 11:45:00+05:30,1015789.376498493,-1
2026-07-24 12:00:00+05:30,1014153.4250920302,0
2026-07-24 12:15:00+05:30,1014153.4250920302,0
2026-07-24 12:30:00+05:30,1014153.4250920302,0
2026-07-24 12:45:00+05:30,1014153.4250920302,0
2026-07-24 13:00:00+05:30,1014153.4250920302,0
2026-07-24 13:15:00+05:30,1014153.4250920302,0
2026-07-24 13:30:00+05:30,1014153.4250920302,0
2026-07-24 13:45:00+05:30,1014153.4250920302,0
2026-07-24 14:00:00+05:30,1014153.4250920302,0
2026-07-24 14:15:00+05:30,1014153.4250920302,0
2026-07-24 14:30:00+05:30,1014153.4250920302,0
2026-07-24 14:45:00+05:30,1014153.4250920302,0
2026-07-24 15:00:00+05:30,1014153.4250920302,0
2026-07-24 15:15:00+05:30,1014153.4250920302,0
2026-07-27 09:15:00+05:30,1014153.4250920302,0
2026-07-27 09:30:00+05:30,1014153.4250920302,0
2026-07-27 09:45:00+05:30,1014153.4250920302,0
2026-07-27 10:00:00+05:30,1014153.4250920302,0
2026-07-27 10:15:00+05:30,1014153.4250920302,0
2026-07-27 10:30:00+05:30,1014153.4250920302,0
2026-07-27 10:45:00+05:30,1014153.4250920302,0
2026-07-27 11:00:00+05:30,1014153.4250920302,0
2026-07-27 11:15:00+05:30,1014153.4250920302,0
2026-07-27 11:30:00+05:30,1014153.4250920302,0
2026-07-27 11:45:00+05:30,1014153.4250920302,0
2026-07-27 12:00:00+05:30,1014153.4250920302,0
2026-07-27 12:15:00+05:30,1014153.4250920302,0
2026-07-27 12:30:00+05:30,1014153.4250920302,0
2026-07-27 12:45:00+05:30,1014153.4250920302,0
2026-07-27 13:00:00+05:30,1014153.4250920302,0
2026-07-27 13:15:00+05:30,1014153.4250920302,0
2026-07-27 13:30:00+05:30,1014153.4250920302,0
2026-07-27 13:45:00+05:30,1014153.4250920302,0
2026-07-27 14:00:00+05:30,1014153.4250920302,0
2026-07-27 14:15:00+05:30,1014632.4111298898,1
2026-07-27 14:30:00+05:30,1013065.0283173898,1
2026-07-27 14:45:00+05:30,1012000.0869111398,1
2026-07-27 15:00:00+05:30,1011700.0869111398,1
2026-07-27 15:15:00+05:30,1012633.6772356692,0
2026-07-28 09:15:00+05:30,1012633.6772356692,0
2026-07-28 09:30:00+05:30,1012633.6772356692,0
2026-07-28 09:45:00+05:30,1012633.6772356692,0
2026-07-28 10:00:00+05:30,1012633.6772356692,0
2026-07-28 10:15:00+05:30,1012633.6772356692,0
2026-07-28 10:30:00+05:30,1012633.6772356692,0
2026-07-28 10:45:00+05:30,1012633.6772356692,0
2026-07-28 11:00:00+05:30,1012633.6772356692,0
2026-07-28 11:15:00+05:30,1012633.6772356692,0
2026-07-28 11:30:00+05:30,1012633.6772356692,0
2026-07-28 11:45:00+05:30,1012633.6772356692,0
2026-07-28 12:00:00+05:30,1012633.6772356692,0
2026-07-28 12:15:00+05:30,1012633.6772356692,0
2026-07-28 12:30:00+05:30,1012633.6772356692,0
2026-07-28 12:45:00+05:30,1012633.6772356692,0
2026-07-28 13:00:00+05:30,1012633.6772356692,0
2026-07-28 13:15:00+05:30,1012633.6772356692,0
2026-07-28 13:30:00+05:30,1012633.6772356692,0
2026-07-28 13:45:00+05:30,1012633.6772356692,0
2026-07-28 14:00:00+05:30,1012633.6772356692,0
2026-07-28 14:15:00+05:30,1012633.6772356692,0
2026-07-28 14:30:00+05:30,1012633.6772356692,0
2026-07-28 14:45:00+05:30,1012633.6772356692,0
2026-07-28 15:00:00+05:30,1012633.6772356692,0
2026-07-28 15:15:00+05:30,1012633.6772356692,0
2026-07-29 09:15:00+05:30,1012633.6772356692,0
2026-07-29 09:30:00+05:30,1012633.6772356692,0
2026-07-29 09:45:00+05:30,1008102.7485719603,1
2026-07-29 10:00:00+05:30,1013150.3071657103,1
2026-07-29 10:15:00+05:30,1013750.3071657103,1
2026-07-29 10:30:00+05:30,1015025.3071657103,1
2026-07-29 10:45:00+05:30,1013075.3071657103,1
2026-07-29 11:00:00+05:30,1015010.0727907103,1
2026-07-29 11:15:00+05:30,1014837.8071657103,1
2026-07-29 11:30:00+05:30,1014792.6899782103,1
2026-07-29 11:45:00+05:30,1013802.7485719603,1
2026-07-29 12:00:00+05:30,1015722.5727907103,1
2026-07-29 12:15:00+05:30,1013180.1899782103,1
2026-07-29 12:30:00+05:30,1013075.3071657103,1
2026-07-29 12:45:00+05:30,1014267.6899782103,1
2026-07-29 13:00:00+05:30,1018587.8071657103,1
2026-07-29 13:15:00+05:30,1016825.3071657103,1
2026-07-29 13:30:00+05:30,1015715.2485719603,1
2026-07-29 13:45:00+05:30,1017530.1899782103,1
2026-07-29 14:00:00+05:30,1019525.3071657103,1
2026-07-29 14:15:00+05:30,1020852.7485719603,1
2026-07-29 14:30:00+05:30,1018895.1313844603,1
2026-07-29 14:45:00+05:30,1020830.1899782103,1
2026-07-29 15:00:00+05:30,1017755.1899782103,1
2026-07-29 15:15:00+05:30,1014698.7088724629,0
2026-07-30 09:15:00+05:30,1014698.7088724629,0
2026-07-30 09:30:00+05:30,1014698.7088724629,0
2026-07-30 09:45:00+05:30,1014698.7088724629,0
2026-07-30 10:00:00+05:30,1014698.7088724629,0
2026-07-30 10:15:00+05:30,1014698.7088724629,0
2026-07-30 10:30:00+05:30,1014698.7088724629,0
2026-07-30 10:45:00+05:30,1014698.7088724629,0
2026-07-30 11:00:00+05:30,1014698.7088724629,0
2026-07-30 11:15:00+05:30,1014698.7088724629,0
2026-07-30 11:30:00+05:30,1014698.7088724629,0
2026-07-30 11:45:00+05:30,1014698.7088724629,0
2026-07-30 12:00:00+05:30,1014698.7088724629,0
2026-07-30 12:15:00+05:30,1014698.7088724629,0
2026-07-30 12:30:00+05:30,1014698.7088724629,0
2026-07-30 12:45:00+05:30,1011881.6622178105,1
2026-07-30 13:00:00+05:30,1006301.857497497,0
2026-07-30 13:15:00+05:30,1006301.857497497,0
2026-07-30 13:30:00+05:30,1006301.857497497,0
2026-07-30 13:45:00+05:30,1006301.857497497,0
2026-07-30 14:00:00+05:30,1006301.857497497,0
2026-07-30 14:15:00+05:30,1006301.857497497,0
2026-07-30 14:30:00+05:30,1006301.857497497,0
2026-07-30 14:45:00+05:30,1006301.857497497,0
2026-07-30 15:00:00+05:30,1006301.857497497,0
2026-07-30 15:15:00+05:30,1006301.857497497,0
2026-07-31 09:15:00+05:30,1006301.857497497,0
2026-07-31 09:30:00+05:30,1006301.857497497,0
2026-07-31 09:45:00+05:30,1006301.857497497,0
2026-07-31 10:00:00+05:30,1006301.857497497,0
2026-07-31 10:15:00+05:30,1006301.857497497,0
2026-07-31 10:30:00+05:30,1006301.857497497,0
2026-07-31 10:45:00+05:30,1006301.857497497,0
2026-07-31 11:00:00+05:30,1006301.857497497,0
2026-07-31 11:15:00+05:30,1006301.857497497,0
2026-07-31 11:30:00+05:30,1006301.857497497,0
2026-07-31 11:45:00+05:30,1006301.857497497,0
2026-07-31 12:00:00+05:30,1006301.857497497,0
2026-07-31 12:15:00+05:30,1006107.1616167934,1
2026-07-31 12:30:00+05:30,1008424.5444292934,1
2026-07-31 12:45:00+05:30,1010224.5444292934,1
2026-07-31 13:00:00+05:30,1010382.1616167934,1
2026-07-31 13:15:00+05:30,1010839.4858355434,1
2026-07-31 13:30:00+05:30,1007441.9272417934,1
2026-07-31 13:45:00+05:30,1009991.9272417934,1
2026-07-31 14:00:00+05:30,1004560.4945553329,0
2026-07-31 14:15:00+05:30,1004560.4945553329,0
2026-07-31 14:30:00+05:30,1004560.4945553329,0
2026-07-31 14:45:00+05:30,1004560.4945553329,0
2026-07-31 15:00:00+05:30,1004560.4945553329,0
2026-07-31 15:15:00+05:30,1004560.4945553329,0
2026-08-03 09:15:00+05:30,1004560.4945553329,0
2026-08-03 09:30:00+05:30,1004560.4945553329,0
2026-08-03 09:45:00+05:30,1004560.4945553329,0
2026-08-03 10:00:00+05:30,1004560.4945553329,0
2026-08-03 10:15:00+05:30,1003916.2602337652,1
2026-08-03 10:30:00+05:30,1004343.7016400152,1
2026-08-03 10:45:00+05:30,1004763.5258587652,1
2026-08-03 11:00:00+05:30,1005213.5258587652,1
2026-08-03 11:15:00+05:30,1005558.6430462652,1
2026-08-03 11:30:00+05:30,1005641.2602337652,1
2026-08-03 11:45:00+05:30,1005596.1430462652,1
2026-08-03 12:00:00+05:30,1006991.2602337652,1
2026-08-03 12:15:00+05:30,1007403.7602337652,1
2026-08-03 12:30:00+05:30,1005746.1430462652,1
2026-08-03 12:45:00+05:30,1004493.7016400152,1
2026-08-03 13:00:00+05:30,1003451.0258587652,1
2026-08-03 13:15:00+05:30,1005251.0258587652,1
2026-08-03 13:30:00+05:30,1006211.0844525152,1
2026-08-03 13:45:00+05:30,1004816.2602337652,1
2026-08-03 14:00:00+05:30,1005821.1430462652,1
2026-08-03 14:15:00+05:30,1005273.5844525152,1
2026-08-03 14:30:00+05:30,1006428.7602337652,1
2026-08-03 14:45:00+05:30,1006046.1430462652,1
2026-08-03 15:00:00+05:30,1002828.7602337652,1
2026-08-03 15:15:00+05:30,1031351.1204443221,0
2026-08-04 09:15:00+05:30,1031351.1204443221,0
2026-08-04 09:30:00+05:30,1031351.1204443221,0
2026-08-04 09:45:00+05:30,1031351.1204443221,0
2026-08-04 10:00:00+05:30,1031351.1204443221,0
2026-08-04 10:15:00+05:30,1031351.1204443221,0
2026-08-04 10:30:00+05:30,1031351.1204443221,0
2026-08-04 10:45:00+05:30,1031351.1204443221,0
2026-08-04 11:00:00+05:30,1031351.1204443221,0
2026-08-04 11:15:00+05:30,1031351.1204443221,0
2026-08-04 11:30:00+05:30,1031351.1204443221,0
2026-08-04 11:45:00+05:30,1031351.1204443221,0
2026-08-04 12:00:00+05:30,1031351.1204443221,0
2026-08-04 12:15:00+05:30,1031351.1204443221,0
2026-08-04 12:30:00+05:30,1031351.1204443221,0
2026-08-04 12:45:00+05:30,1031351.1204443221,0
2026-08-04 13:00:00+05:30,1031351.1204443221,0
2026-08-04 13:15:00+05:30,1031351.1204443221,0
2026-08-04 13:30:00+05:30,1031351.1204443221,0
2026-08-04 13:45:00+05:30,1031351.1204443221,0
2026-08-04 14:00:00+05:30,1031351.1204443221,0
2026-08-04 14:15:00+05:30,1031351.1204443221,0
2026-08-04 14:30:00+05:30,1031351.1204443221,0
2026-08-04 14:45:00+05:30,1031351.1204443221,0
2026-08-04 15:00:00+05:30,1031351.1204443221,0
2026-08-04 15:15:00+05:30,1031351.1204443221,0
2026-08-05 09:15:00+05:30,1031351.1204443221,0
2026-08-05 09:30:00+05:30,1031351.1204443221,0
2026-08-05 09:45:00+05:30,1031351.1204443221,0
2026-08-05 10:00:00+05:30,1031351.1204443221,0
2026-08-05 10:15:00+05:30,1031351.1204443221,0
2026-08-05 10:30:00+05:30,1031351.1204443221,0
2026-08-05 10:45:00+05:30,1031351.1204443221,0
2026-08-05 11:00:00+05:30,1031351.1204443221,0
2026-08-05 11:15:00+05:30,1031351.1204443221,0
2026-08-05 11:30:00+05:30,1031351.1204443221,0
2026-08-05 11:45:00+05:30,1031351.1204443221,0
2026-08-05 12:00:00+05:30,1031351.1204443221,0
2026-08-05 12:15:00+05:30,1031351.1204443221,0
2026-08-05 12:30:00+05:30,1031351.1204443221,0
2026-08-05 12:45:00+05:30,1031351.1204443221,0
2026-08-05 13:00:00+05:30,1031351.1204443221,0
2026-08-05 13:15:00+05:30,1031351.1204443221,0
2026-08-05 13:30:00+05:30,1031351.1204443221,0
2026-08-05 13:45:00+05:30,1031351.1204443221,0
2026-08-05 14:00:00+05:30,1031351.1204443221,0
2026-08-05 14:15:00+05:30,1031351.1204443221,0
2026-08-05 14:30:00+05:30,1031351.1204443221,0
2026-08-05 14:45:00+05:30,1031351.1204443221,0
2026-08-05 15:00:00+05:30,1031351.1204443221,0
2026-08-05 15:15:00+05:30,1031351.1204443221,0
2026-08-06 09:15:00+05:30,1031351.1204443221,0
2026-08-06 09:30:00+05:30,1031351.1204443221,0
2026-08-06 09:45:00+05:30,1031351.1204443221,0
2026-08-06 10:00:00+05:30,1031351.1204443221,0
2026-08-06 10:15:00+05:30,1031351.1204443221,0
2026-08-06 10:30:00+05:30,1031351.1204443221,0
2026-08-06 10:45:00+05:30,1031351.1204443221,0
2026-08-06 11:00:00+05:30,1031351.1204443221,0
2026-08-06 11:15:00+05:30,1031351.1204443221,0
2026-08-06 11:30:00+05:30,1022507.7057956456,0
2026-08-06 11:45:00+05:30,1022507.7057956456,0
2026-08-06 12:00:00+05:30,1022507.7057956456,0
2026-08-06 12:15:00+05:30,1022507.7057956456,0
2026-08-06 12:30:00+05:30,1022507.7057956456,0
2026-08-06 12:45:00+05:30,1022507.7057956456,0
2026-08-06 13:00:00+05:30,1022507.7057956456,0
2026-08-06 13:15:00+05:30,1022507.7057956456,0
2026-08-06 13:30:00+05:30,1022507.7057956456,0
2026-08-06 13:45:00+05:30,1022507.7057956456,0
2026-08-06 14:00:00+05:30,1022507.7057956456,0
2026-08-06 14:15:00+05:30,1022507.7057956456,0
2026-08-06 14:30:00+05:30,1022507.7057956456,0
2026-08-06 14:45:00+05:30,1022507.7057956456,0
2026-08-06 15:00:00+05:30,1022507.7057956456,0
2026-08-06 15:15:00+05:30,1022507.7057956456,0
2026-08-07 09:15:00+05:30,1022507.7057956456,0
2026-08-07 09:30:00+05:30,1022507.7057956456,0
2026-08-07 09:45:00+05:30,1022507.7057956456,0
2026-08-07 10:00:00+05:30,1022507.7057956456,0
2026-08-07 10:15:00+05:30,1022507.7057956456,0
2026-08-07 10:30:00+05:30,1022507.7057956456,0
2026-08-07 10:45:00+05:30,1022507.7057956456,0
2026-08-07 11:00:00+05:30,1022507.7057956456,0
2026-08-07 11:15:00+05:30,1022507.7057956456,0
2026-08-07 11:30:00+05:30,1022507.7057956456,0
2026-08-07 11:45:00+05:30,1022507.7057956456,0
2026-08-07 12:00:00+05:30,1022507.7057956456,0
2026-08-07 12:15:00+05:30,1022507.7057956456,0
2026-08-07 12:30:00+05:30,1022507.7057956456,0
2026-08-07 12:45:00+05:30,1022507.7057956456,0
2026-08-07 13:00:00+05:30,1022507.7057956456,0
2026-08-07 13:15:00+05:30,1022507.7057956456,0
2026-08-07 13:30:00+05:30,1022507.7057956456,0
2026-08-07 13:45:00+05:30,1022507.7057956456,0
2026-08-07 14:00:00+05:30,1022507.7057956456,0
2026-08-07 14:15:00+05:30,1019830.7715443448,-1
2026-08-07 14:30:00+05:30,1019223.1543568448,-1
2026-08-07 14:45:00+05:30,1018690.5371693448,-1
2026-08-07 15:00:00+05:30,1016118.2715443448,-1
2026-08-07 15:15:00+05:30,1014069.6847085766,0
2026-08-10 09:15:00+05:30,1014069.6847085766,0
2026-08-10 09:30:00+05:30,1014069.6847085766,0
2026-08-10 09:45:00+05:30,1010620.5143243317,-1
2026-08-10 10:00:00+05:30,1009045.5143243317,-1
2026-08-10 10:15:00+05:30,1005140.6160303255,0
2026-08-10 10:30:00+05:30,1005140.6160303255,0
2026-08-10 10:45:00+05:30,1005140.6160303255,0
2026-08-10 11:00:00+05:30,1005140.6160303255,0
2026-08-10 11:15:00+05:30,1005140.6160303255,0
2026-08-10 11:30:00+05:30,1005140.6160303255,0
2026-08-10 11:45:00+05:30,1005140.6160303255,0
2026-08-10 12:00:00+05:30,1005140.6160303255,0
2026-08-10 12:15:00+05:30,1005140.6160303255,0
2026-08-10 12:30:00+05:30,1005140.6160303255,0
2026-08-10 12:45:00+05:30,1005140.6160303255,0
2026-08-10 13:00:00+05:30,1005140.6160303255,0
2026-08-10 13:15:00+05:30,1005140.6160303255,0
2026-08-10 13:30:00+05:30,1005140.6160303255,0
2026-08-10 13:45:00+05:30,1005140.6160303255,0
2026-08-10 14:00:00+05:30,1005140.6160303255,0
2026-08-10 14:15:00+05:30,1005140.6160303255,0
2026-08-10 14:30:00+05:30,1005140.6160303255,0
2026-08-10 14:45:00+05:30,1005140.6160303255,0
2026-08-10 15:00:00+05:30,1005140.6160303255,0
2026-08-10 15:15:00+05:30,1005140.6160303255,0
2026-08-11 09:15:00+05:30,1005140.6160303255,0
2026-08-11 09:30:00+05:30,1005140.6160303255,0
2026-08-11 09:45:00+05:30,1002624.2265549602,-1
2026-08-11 10:00:00+05:30,1004701.6679612102,-1
2026-08-11 10:15:00+05:30,1003801.6679612102,-1
2026-08-11 10:30:00+05:30,1004439.1679612102,-1
2026-08-11 10:45:00+05:30,1005301.6679612102,-1
2026-08-11 11:00:00+05:30,1007964.1679612102,-1
2026-08-11 11:15:00+05:30,1009261.7265549602,-1
2026-08-11 11:30:00+05:30,1008361.7265549602,-1
2026-08-11 11:45:00+05:30,1009044.0507737102,-1
2026-08-11 12:00:00+05:30,1008954.1093674602,-1
2026-08-11 12:15:00+05:30,1009704.1093674602,-1
2026-08-11 12:30:00+05:30,1007971.7851487102,-1
2026-08-11 12:45:00+05:30,1009576.6679612102,-1
2026-08-11 13:00:00+05:30,1007679.1093674602,-1
2026-08-11 13:15:00+05:30,1007394.0507737102,-1
2026-08-11 13:30:00+05:30,1006569.0507737102,-1
2026-08-11 13:45:00+05:30,1008129.1093674602,-1
2026-08-11 14:00:00+05:30,1006269.0507737102,-1
2026-08-11 14:15:00+05:30,1008279.1093674602,-1
2026-08-11 14:30:00+05:30,1008444.0507737102,-1
2026-08-11 14:45:00+05:30,1006021.7851487102,-1
2026-08-11 15:00:00+05:30,1003392.8610587448,0
2026-08-11 15:15:00+05:30,1003392.8610587448,0
2026-08-12 09:15:00+05:30,1003392.8610587448,0
2026-08-12 09:30:00+05:30,1003392.8610587448,0
2026-08-12 09:45:00+05:30,1003392.8610587448,0
2026-08-12 10:00:00+05:30,1003815.2455122521,-1
2026-08-12 10:15:00+05:30,1002825.3041060021,-1
2026-08-12 10:30:00+05:30,1002262.8041060021,-1
2026-08-12 10:45:00+05:30,1010865.2455122521,-1
2026-08-12 11:00:00+05:30,1013250.3041060021,-1
2026-08-12 11:15:00+05:30,1014067.9798872521,-1
2026-08-12 11:30:00+05:30,1014555.4798872521,-1
2026-08-12 11:45:00+05:30,1016677.7455122521,-1
2026-08-12 12:00:00+05:30,1018545.4212935021,-1
2026-08-12 12:15:00+05:30,1016415.2455122521,-1
2026-08-12 12:30:00+05:30,1016145.4212935021,-1
2026-08-12 12:45:00+05:30,1017225.3041060021,-1
2026-08-12 13:00:00+05:30,1015417.9798872521,-1
2026-08-12 13:15:00+05:30,1014877.7455122521,-1
2026-08-12 13:30:00+05:30,1015215.2455122521,-1
2026-08-12 13:45:00+05:30,1015642.9798872521,-1
2026-08-12 14:00:00+05:30,1016850.3041060021,-1
2026-08-12 14:15:00+05:30,1013985.3626997521,-1
2026-08-12 14:30:00+05:30,1009717.9798872521,-1
2026-08-12 14:45:00+05:30,1001652.1915734612,0
2026-08-12 15:00:00+05:30,1001652.1915734612,0
2026-08-12 15:15:00+05:30,1001652.1915734612,0
2026-08-13 09:15:00+05:30,1001652.1915734612,0
2026-08-13 09:30:00+05:30,1001652.1915734612,0
2026-08-13 09:45:00+05:30,1001652.1915734612,0
2026-08-13 10:00:00+05:30,1001652.1915734612,0
2026-08-13 10:15:00+05:30,1001652.1915734612,0
2026-08-13 10:30:00+05:30,1001652.1915734612,0
2026-08-13 10:45:00+05:30,1001652.1915734612,0
2026-08-13 11:00:00+05:30,1001652.1915734612,0
2026-08-13 11:15:00+05:30,1001652.1915734612,0
2026-08-13 11:30:00+05:30,1001652.1915734612,0
2026-08-13 11:45:00+05:30,1001652.1915734612,0
2026-08-13 12:00:00+05:30,1001652.1915734612,0
2026-08-13 12:15:00+05:30,1001652.1915734612,0
2026-08-13 12:30:00+05:30,1001652.1915734612,0
2026-08-13 12:45:00+05:30,1001652.1915734612,0
2026-08-13 13:00:00+05:30,1001652.1915734612,0
2026-08-13 13:15:00+05:30,1001652.1915734612,0
2026-08-13 13:30:00+05:30,1001652.1915734612,0
2026-08-13 13:45:00+05:30,1001652.1915734612,0
2026-08-13 14:00:00+05:30,1001652.1915734612,0
2026-08-13 14:15:00+05:30,1001652.1915734612,0
2026-08-13 14:30:00+05:30,1001652.1915734612,0
2026-08-13 14:45:00+05:30,1001652.1915734612,0
2026-08-13 15:00:00+05:30,1001652.1915734612,0
2026-08-13 15:15:00+05:30,1001652.1915734612,0
2026-08-14 09:15:00+05:30,1001652.1915734612,0
2026-08-14 09:30:00+05:30,1001652.1915734612,0
2026-08-14 09:45:00+05:30,1001652.1915734612,0
2026-08-14 10:00:00+05:30,1001652.1915734612,0
2026-08-14 10:15:00+05:30,1001652.1915734612,0
2026-08-14 10:30:00+05:30,1001652.1915734612,0
2026-08-14 10:45:00+05:30,1001652.1915734612,0
2026-08-14 11:00:00+05:30,1001652.1915734612,0
2026-08-14 11:15:00+05:30,1001652.1915734612,0
2026-08-14 11:30:00+05:30,1001652.1915734612,0
2026-08-14 11:45:00+05:30,1001652.1915734612,0
2026-08-14 12:00:00+05:30,1001652.1915734612,0
2026-08-14 12:15:00+05:30,1001652.1915734612,0
2026-08-14 12:30:00+05:30,1001652.1915734612,0
2026-08-14 12:45:00+05:30,1001652.1915734612,0
2026-08-14 13:00:00+05:30,1001652.1915734612,0
2026-08-14 13:15:00+05:30,1001652.1915734612,0
2026-08-14 13:30:00+05:30,1001652.1915734612,0
2026-08-14 13:45:00+05:30,1001652.1915734612,0
2026-08-14 14:00:00+05:30,1001652.1915734612,0
2026-08-14 14:15:00+05:30,1001652.1915734612,0
2026-08-14 14:30:00+05:30,1001652.1915734612,0
2026-08-14 14:45:00+05:30,1001652.1915734612,0
2026-08-14 15:00:00+05:30,1001652.1915734612,0
2026-08-14 15:15:00+05:30,1001652.1915734612,0
